title,nrec
[公告] 本板未來走向,爆
Re: [問題] 大三能考研究所嗎？,16
Re: 請問一下關於跨係考研究所的事情,6
Re: [問題] 請問一下研究所的英文要如何準備??,2
"Re: [問題] 台大""分子與細胞生物所""和""理學院生化所""",6
Re: [問題] 中文所的好壞?,2
Re: [問題] 大家是為何決定要考研究所的...,24
Re: [問題]我想請問一下錄取分數,2
Re: 如果大學畢業後不繼續讀研究所會怎樣?,10
Re: [問題] CV是什麼阿?,2
碩士班擬聯招 各校自行加入,1
"Re: [問題] 不好意思 再問「社會科學研究法」^^""",1
R: [徵求]台大英文A卷91.92年解答 <－有了!!!,5
Re: [心得]唉...口試被狂削...>.<,13
[應考心得]新聞所,3
[心得] 個人應考心得 關於台大英文,1
[心得] 九十三年台大物研所,1
[心得] 個人應考心得台大國發所之大陸政策,1
[心得] 彰師國文所,2
[心得] 我的應考心得關於台大國發所的法學緒論,2
[應考心得] 臺大新聞所(93/4/10),1
 [應考心得] 世新新聞所(93/4/8),1
[情報] 補充政大中山所的題目(大陸研究及國際 …,1
Re: [問題] 推薦函,2
[公告] 心得徵文給錢囉!,3
我個人準備研究所考試的方法(企管經微組),4
看了這些討論  想提醒一下各位,11
Re: [問題] 推真的在校成績(我要準備推甄嗎),5
Re: 研究所不上我就會出國去唸書,4
Re: [問題] 請問企研所考試建議用書,1
[心得] 外文所--英語教學 準備心得,2
[心得] 英教所應考心得(非本科系),3
Re: [問題] 台大財金,11
